Country/Region,Date,Confirmed,Deaths,Recovered,Active,New cases,New deaths,New recovered,WHO Region_x,Recovered_clean,Continent,Population,TotalCases,NewCases,TotalDeaths,NewDeaths,TotalRecovered,NewRecovered,ActiveCases,"Serious,Critical",Tot Cases/1M pop,Deaths/1M pop,TotalTests,Tests/1M pop,WHO Region_y,recovery_rate
Afghanistan,2020-07-27,36263,1269,25198,9796,106,10,18,Eastern Mediterranean,25198,Asia,39009447.0,36896.0,,1298.0,,25840.0,,9758.0,31.0,946.0,33.0,90396.0,2317.0,EasternMediterranean,0.6948680473209607
Albania,2020-07-27,4880,144,2745,1991,117,6,63,Europe,2745,Europe,2877470.0,6016.0,,188.0,,3155.0,,2673.0,23.0,2091.0,65.0,38997.0,13553.0,Europe,0.5625
Algeria,2020-07-27,27973,1163,18837,7973,616,8,749,Africa,18837,Africa,43926079.0,33626.0,,1273.0,,23238.0,,9115.0,57.0,766.0,29.0,,,Africa,0.6733993493726093
Andorra,2020-07-27,907,52,803,52,10,0,0,Europe,803,Europe,77278.0,944.0,,52.0,,828.0,,64.0,1.0,12216.0,673.0,3750.0,48526.0,Europe,0.8853362734288864
Angola,2020-07-27,950,41,242,667,18,1,0,Africa,242,Africa,32956300.0,1483.0,,64.0,,520.0,,899.0,20.0,45.0,2.0,64747.0,1965.0,Africa,0.25473684210526315
Antigua and Barbuda,2020-07-27,86,3,65,18,4,0,5,Americas,65,North America,98010.0,92.0,,3.0,,76.0,,13.0,1.0,939.0,31.0,1500.0,15305.0,Americas,0.7558139534883721
Argentina,2020-07-27,167416,3059,72575,91782,4890,120,2057,Americas,72575,South America,45236884.0,228195.0,,4251.0,,99852.0,,124092.0,1150.0,5044.0,94.0,794544.0,17564.0,Americas,0.4335009795957376
Armenia,2020-07-27,37390,711,26665,10014,73,6,187,Europe,26665,Asia,2963811.0,39819.0,,772.0,,31556.0,,7491.0,,13435.0,260.0,171600.0,57898.0,Europe,0.7131585985557636
Australia,2020-07-27,15303,167,9311,5825,368,6,137,Western Pacific,647,Australia/Oceania,25528864.0,19890.0,,255.0,,10941.0,,8694.0,52.0,779.0,10.0,4631419.0,181419.0,WesternPacific,0.6084427889956218
Austria,2020-07-27,20558,713,18246,1599,86,1,37,Europe,18246,Europe,9011577.0,21696.0,,719.0,,19596.0,,1381.0,25.0,2408.0,80.0,937275.0,104008.0,Europe,0.8875376982196712
Azerbaijan,2020-07-27,30446,423,23242,6781,396,6,558,Europe,23242,Asia,10148243.0,33247.0,,479.0,,29275.0,,3493.0,66.0,3276.0,47.0,766179.0,75499.0,Europe,0.7633843526243185
Bahamas,2020-07-27,382,11,91,280,40,0,0,Americas,91,North America,393616.0,761.0,,14.0,,91.0,,656.0,1.0,1933.0,36.0,4814.0,12230.0,Americas,0.23821989528795812
Bahrain,2020-07-27,39482,141,36110,3231,351,1,421,Eastern Mediterranean,36110,Asia,1706669.0,42889.0,,156.0,,39945.0,,2788.0,41.0,25130.0,91.0,876700.0,513691.0,EasternMediterranean,0.9145939921989767
Bangladesh,2020-07-27,226225,2965,125683,97577,2772,37,1801,South-East Asia,125683,Asia,164851401.0,249651.0,,3306.0,,143824.0,,102521.0,,1514.0,20.0,1225124.0,7432.0,South-EastAsia,0.555566360923859
Barbados,2020-07-27,110,7,94,9,0,0,0,Americas,94,North America,287411.0,133.0,,7.0,,100.0,,26.0,,463.0,24.0,12233.0,42563.0,Americas,0.8545454545454545
Belarus,2020-07-27,67251,538,60492,6221,119,4,67,Europe,60492,Europe,9449001.0,68503.0,,580.0,,63756.0,,4167.0,,7250.0,61.0,1344303.0,142269.0,Europe,0.8994959182763081
Belgium,2020-07-27,66428,9822,17452,39154,402,1,14,Europe,17452,Europe,11594739.0,71158.0,,9859.0,,17661.0,,43638.0,61.0,6137.0,850.0,1767120.0,152407.0,Europe,0.26272053953152286
Belize,2020-07-27,48,2,26,20,0,0,0,Americas,26,North America,398312.0,86.0,,2.0,,31.0,,53.0,2.0,216.0,5.0,3679.0,9236.0,Americas,0.5416666666666666
Benin,2020-07-27,1770,35,1036,699,0,0,0,Africa,1036,Africa,12151976.0,1936.0,,38.0,,1600.0,,298.0,1.0,159.0,3.0,93677.0,7709.0,Africa,0.5853107344632769
Bhutan,2020-07-27,99,0,86,13,4,0,1,South-East Asia,86,Asia,772443.0,105.0,,,,93.0,,12.0,,136.0,,54589.0,70671.0,South-EastAsia,0.8686868686868687
Bolivia,2020-07-27,71181,2647,21478,47056,1752,64,309,Americas,21478,South America,11688459.0,86423.0,1282.0,3465.0,80.0,27373.0,936.0,55585.0,71.0,7394.0,296.0,183583.0,15706.0,Americas,0.30173782329554233
Bosnia and Herzegovina,2020-07-27,10498,294,4930,5274,731,14,375,Europe,4930,Europe,3278650.0,13396.0,,384.0,,7042.0,,5970.0,,4086.0,117.0,147021.0,44842.0,Europe,0.4696132596685083
Botswana,2020-07-27,739,2,63,674,53,1,11,Africa,63,Africa,2356075.0,804.0,,2.0,,63.0,,739.0,1.0,341.0,0.8,68423.0,29041.0,Africa,0.08525033829499323
Brazil,2020-07-27,2442375,87618,1846641,508116,23284,614,33728,Americas,1846641,South America,212710692.0,2917562.0,,98644.0,,2047660.0,,771258.0,8318.0,13716.0,464.0,13206188.0,62085.0,Americas,0.7560841394134807
Brunei,2020-07-27,141,3,138,0,0,0,0,Western Pacific,138,,,,,,,,,,,,,,,,0.9787234042553191
Bulgaria,2020-07-27,10621,347,5585,4689,194,7,230,Europe,5585,Europe,6942854.0,13014.0,,435.0,,7374.0,,5205.0,47.0,1874.0,63.0,294087.0,42358.0,Europe,0.5258450240090387
Burkina Faso,2020-07-27,1100,53,926,121,14,0,6,Africa,926,Africa,20954852.0,1158.0,,54.0,,961.0,,143.0,,55.0,3.0,,,Africa,0.8418181818181818
Burma,2020-07-27,350,6,292,52,0,0,2,South-East Asia,292,,,,,,,,,,,,,,,,0.8342857142857143
Burundi,2020-07-27,378,1,301,76,17,0,22,Africa,301,Africa,11922216.0,395.0,,1.0,,304.0,,90.0,,33.0,0.08,15614.0,1310.0,Africa,0.7962962962962963
Cabo Verde,2020-07-27,2328,22,1550,756,21,0,103,Africa,1550,Africa,556581.0,2734.0,,27.0,,2010.0,,697.0,,4912.0,49.0,61633.0,110735.0,Africa,0.665807560137457
Cambodia,2020-07-27,226,0,147,79,1,0,4,Western Pacific,147,Asia,16741375.0,243.0,,,,210.0,,33.0,1.0,15.0,,67807.0,4050.0,WesternPacific,0.6504424778761062
Cameroon,2020-07-27,17110,391,14539,2180,402,6,0,Africa,14539,Africa,26606188.0,17718.0,,391.0,,15320.0,,2007.0,30.0,666.0,15.0,149000.0,5600.0,Africa,0.8497369959088252
Canada,2020-07-27,116458,8944,0,107514,682,11,0,Americas,0,North America,37775022.0,118561.0,,8966.0,,103106.0,,6489.0,2263.0,3139.0,237.0,4319172.0,114339.0,Americas,0.0
Central African Republic,2020-07-27,4599,59,1546,2994,0,0,0,Africa,1546,,,,,,,,,,,,,,,,0.33616003479017176
Chad,2020-07-27,922,75,810,37,7,0,0,Africa,810,Africa,16467965.0,942.0,,76.0,,838.0,,28.0,,57.0,5.0,,,Africa,0.8785249457700651
Chile,2020-07-27,347923,9187,319954,18782,2133,75,1859,Americas,319954,South America,19132514.0,366671.0,,9889.0,,340168.0,,16614.0,1358.0,19165.0,517.0,1760615.0,92022.0,Americas,0.9196115232393375
China,2020-07-27,86783,4656,78869,3258,213,4,7,Western Pacific,1268,,,,,,,,,,,,,,,,0.9088070244172246
Colombia,2020-07-27,257101,8777,131161,117163,16306,508,11494,Americas,131161,South America,50936262.0,357710.0,,11939.0,,192355.0,,153416.0,1493.0,7023.0,234.0,1801835.0,35374.0,Americas,0.5101535972244371
Comoros,2020-07-27,354,7,328,19,0,0,0,Africa,328,Africa,871326.0,396.0,,7.0,,340.0,,49.0,,454.0,8.0,,,Africa,0.9265536723163842
Congo (Brazzaville),2020-07-27,3200,54,829,2317,162,3,73,Africa,829,,,,,,,,,,,,,,,,0.2590625
Congo (Kinshasa),2020-07-27,8844,208,5700,2936,13,4,190,Africa,5700,,,,,,,,,,,,,,,,0.6445047489823609
Costa Rica,2020-07-27,15841,115,3824,11902,612,11,88,Americas,3824,North America,5098730.0,21070.0,,200.0,,7038.0,,13832.0,103.0,4132.0,39.0,96110.0,18850.0,Americas,0.24139890158449592
Cote d'Ivoire,2020-07-27,15655,96,10361,5198,59,0,183,Africa,10361,,,,,,,,,,,,,,,,0.6618332801022038
Croatia,2020-07-27,4881,139,3936,806,24,3,70,Europe,3936,Europe,4102577.0,5404.0,,155.0,,4688.0,,561.0,7.0,1317.0,38.0,125317.0,30546.0,Europe,0.8063921327596804
Cuba,2020-07-27,2532,87,2351,94,37,0,2,Americas,2351,North America,11325899.0,2775.0,,88.0,,2409.0,,278.0,4.0,245.0,8.0,285471.0,25205.0,Americas,0.9285150078988942
Cyprus,2020-07-27,1060,19,852,189,3,0,0,Europe,852,Asia,1208238.0,1208.0,,19.0,,856.0,,333.0,,1000.0,16.0,216597.0,179267.0,Europe,0.8037735849056604
Czechia,2020-07-27,15516,373,11428,3715,192,2,0,Europe,11428,Europe,10711019.0,17731.0,,390.0,,12320.0,,5021.0,17.0,1655.0,36.0,728670.0,68030.0,Europe,0.7365300335137922
Denmark,2020-07-27,13761,613,12605,543,109,0,77,Europe,188,Europe,5794279.0,14306.0,,617.0,,12787.0,,902.0,2.0,2469.0,106.0,1654512.0,285542.0,Europe,0.9159944771455563
Djibouti,2020-07-27,5059,58,4977,24,9,0,11,Eastern Mediterranean,4977,Africa,989387.0,5330.0,,59.0,,5057.0,,214.0,,5387.0,60.0,59909.0,60552.0,EasternMediterranean,0.9837912630954734
Dominica,2020-07-27,18,0,18,0,0,0,0,Americas,18,North America,72004.0,18.0,,,,18.0,,0.0,,250.0,,1005.0,13958.0,Americas,1.0
Dominican Republic,2020-07-27,64156,1083,30204,32869,1248,20,1601,Americas,30204,North America,10858648.0,76536.0,,1246.0,,40539.0,,34751.0,317.0,7048.0,115.0,281926.0,25963.0,Americas,0.4707899494980984
Ecuador,2020-07-27,81161,5532,34896,40733,467,17,0,Americas,34896,South America,17668824.0,90537.0,,5877.0,,71318.0,,13342.0,378.0,5124.0,333.0,258582.0,14635.0,Americas,0.429960202560343
Egypt,2020-07-27,92482,4652,34838,52992,420,46,1007,Eastern Mediterranean,34838,Africa,102516525.0,95006.0,,4951.0,,48898.0,,41157.0,41.0,927.0,48.0,135000.0,1317.0,EasternMediterranean,0.37670033087519733
El Salvador,2020-07-27,15035,408,7778,6849,405,8,130,Americas,7778,North America,6489514.0,19126.0,,513.0,,9236.0,,9377.0,509.0,2947.0,79.0,251271.0,38720.0,Americas,0.5173262387761889
Equatorial Guinea,2020-07-27,3071,51,842,2178,0,0,0,Africa,842,Africa,1407001.0,4821.0,,83.0,,2182.0,,2556.0,,3426.0,59.0,44356.0,31525.0,Africa,0.27417779225008143
Eritrea,2020-07-27,265,0,191,74,2,0,2,Africa,191,Africa,3551175.0,282.0,,,,225.0,,57.0,,79.0,,,,Africa,0.720754716981132
Estonia,2020-07-27,2034,69,1923,42,0,0,1,Europe,1923,Europe,1326627.0,2124.0,,63.0,,1954.0,,107.0,,1601.0,47.0,122880.0,92626.0,Europe,0.9454277286135693
Eswatini,2020-07-27,2316,34,1025,1257,109,2,39,Africa,1025,Africa,1161348.0,2968.0,,55.0,,1476.0,,1437.0,5.0,2556.0,47.0,20784.0,17896.0,Africa,0.442573402417962
Ethiopia,2020-07-27,14547,228,6386,7933,579,5,170,Africa,6386,Africa,115223736.0,20900.0,,365.0,,9027.0,,11508.0,185.0,181.0,3.0,468814.0,4069.0,Africa,0.4389908572214202
Fiji,2020-07-27,27,0,18,9,0,0,0,Western Pacific,18,Australia/Oceania,897095.0,27.0,,1.0,,18.0,,8.0,,30.0,1.0,6693.0,7461.0,WesternPacific,0.6666666666666666
Finland,2020-07-27,7398,329,6920,149,5,0,0,Europe,6920,Europe,5541604.0,7532.0,,331.0,,6980.0,,221.0,,1359.0,60.0,389500.0,70287.0,Europe,0.9353879426872128
France,2020-07-27,220352,30212,81212,108928,2551,17,267,Europe,1,Europe,65288306.0,195633.0,,30312.0,,82460.0,,82861.0,384.0,2996.0,464.0,3992206.0,61147.0,Europe,0.36855576532094103
Gabon,2020-07-27,7189,49,4682,2458,205,0,219,Africa,4682,Africa,2230563.0,7787.0,,51.0,,5609.0,,2127.0,11.0,3491.0,23.0,85369.0,38272.0,Africa,0.6512727778550563
Gambia,2020-07-27,326,8,66,252,49,2,6,Africa,66,Africa,2422754.0,935.0,,16.0,,136.0,,783.0,,386.0,7.0,5183.0,2139.0,Africa,0.20245398773006135
Georgia,2020-07-27,1137,16,922,199,6,0,2,Europe,922,Asia,3988368.0,1206.0,,17.0,,987.0,,202.0,,302.0,4.0,240473.0,60294.0,Europe,0.810905892700088
Germany,2020-07-27,207112,9125,190314,7673,445,1,259,Europe,190314,Europe,83811260.0,215210.0,,9252.0,,196200.0,,9758.0,236.0,2568.0,110.0,8586648.0,102452.0,Europe,0.9188941249179188
Ghana,2020-07-27,33624,168,29801,3655,655,0,307,Africa,29801,Africa,31133483.0,39642.0,,199.0,,36384.0,,3059.0,7.0,1273.0,6.0,405817.0,13035.0,Africa,0.8863014513442778
Greece,2020-07-27,4227,202,1374,2651,34,0,0,Europe,1374,Europe,10417673.0,5123.0,,210.0,,1374.0,,3539.0,14.0,492.0,20.0,619393.0,59456.0,Europe,0.32505322924059615
Greenland,2020-07-27,14,0,13,1,1,0,0,Europe,13,North America,56780.0,14.0,,,,14.0,,0.0,,247.0,,5977.0,105266.0,Europe,0.9285714285714286
Grenada,2020-07-27,23,0,23,0,0,0,0,Americas,23,North America,112576.0,24.0,,,,23.0,,1.0,,213.0,,6252.0,55536.0,Americas,1.0
Guatemala,2020-07-27,45309,1761,32455,11093,256,27,843,Americas,32455,North America,17946899.0,54339.0,,2119.0,,42070.0,,10150.0,5.0,3028.0,118.0,172712.0,9624.0,Americas,0.7163036041404578
Guinea,2020-07-27,7055,45,6257,753,47,2,105,Africa,6257,Africa,13164905.0,7664.0,,49.0,,6757.0,,858.0,24.0,582.0,4.0,14407.0,1094.0,Africa,0.886888731396173
Guinea-Bissau,2020-07-27,1954,26,803,1125,0,0,0,Africa,803,Africa,1972277.0,2032.0,,27.0,,944.0,,1061.0,5.0,1030.0,14.0,1500.0,761.0,Africa,0.4109518935516888
Guyana,2020-07-27,389,20,181,188,19,0,0,Americas,181,South America,786936.0,538.0,,22.0,,189.0,,327.0,2.0,684.0,28.0,5165.0,6563.0,Americas,0.4652956298200514
Haiti,2020-07-27,7340,158,4365,2817,25,1,0,Americas,4365,North America,11416103.0,7544.0,,171.0,,4832.0,,2541.0,,661.0,15.0,18443.0,1616.0,Americas,0.5946866485013624
Holy See,2020-07-27,12,0,12,0,0,0,0,Europe,12,,,,,,,,,,,,,,,,1.0
Honduras,2020-07-27,39741,1166,5039,33536,465,50,117,Americas,5039,North America,9919704.0,45098.0,,1423.0,,6116.0,,37559.0,52.0,4546.0,143.0,109292.0,11018.0,Americas,0.1267960041267205
Hungary,2020-07-27,4448,596,3329,523,13,0,0,Europe,3329,Europe,9657785.0,4597.0,,600.0,,3463.0,,534.0,8.0,476.0,62.0,352546.0,36504.0,Europe,0.7484262589928058
Iceland,2020-07-27,1854,10,1823,21,7,0,0,Europe,1823,Europe,341465.0,1930.0,,10.0,,1825.0,,95.0,,5652.0,29.0,149693.0,438385.0,Europe,0.9832793959007551
India,2020-07-27,1480073,33408,951166,495499,44457,637,33598,South-East Asia,951166,Asia,1381344997.0,2025409.0,,41638.0,,1377384.0,,606387.0,8944.0,1466.0,30.0,22149351.0,16035.0,South-EastAsia,0.6426480315497952
Indonesia,2020-07-27,100303,4838,58173,37292,1525,57,1518,South-East Asia,58173,Asia,273808365.0,118753.0,,5521.0,,75645.0,,37587.0,,434.0,20.0,1633156.0,5965.0,South-EastAsia,0.5799726827712033
Iran,2020-07-27,293606,15912,255144,22550,2434,212,1931,Eastern Mediterranean,255144,Asia,84097623.0,320117.0,,17976.0,,277463.0,,24678.0,4156.0,3806.0,214.0,2612763.0,31068.0,EasternMediterranean,0.8690013146870296
Iraq,2020-07-27,112585,4458,77144,30983,2553,96,1927,Eastern Mediterranean,77144,Asia,40306025.0,140603.0,,5161.0,,101025.0,,34417.0,517.0,3488.0,128.0,1092741.0,27111.0,EasternMediterranean,0.6852067326908557
Ireland,2020-07-27,25892,1764,23364,764,11,0,0,Europe,23364,Europe,4943200.0,26372.0,,1768.0,,23364.0,,1240.0,5.0,5335.0,358.0,652917.0,132084.0,Europe,0.9023636644523405
Israel,2020-07-27,63985,474,27133,36378,2029,4,108,Europe,27133,Asia,9197590.0,79559.0,,576.0,,53427.0,,25556.0,358.0,8650.0,63.0,1872453.0,203581.0,Europe,0.42405251230757207
Italy,2020-07-27,246286,35112,198593,12581,168,5,147,Europe,198593,Europe,60452568.0,249204.0,,35187.0,,201323.0,,12694.0,42.0,4122.0,582.0,7099713.0,117443.0,Europe,0.8063511527248808
Jamaica,2020-07-27,853,10,714,129,11,0,0,Americas,714,North America,2962478.0,958.0,30.0,12.0,,745.0,,201.0,,323.0,4.0,41840.0,14123.0,Americas,0.8370457209847597
Japan,2020-07-27,31142,998,21970,8174,594,0,364,Western Pacific,21970,Asia,126435859.0,42263.0,,1026.0,,28877.0,,12360.0,115.0,334.0,8.0,938739.0,7425.0,WesternPacific,0.705478132425663
Jordan,2020-07-27,1176,11,1041,124,8,0,0,Eastern Mediterranean,1041,Asia,10213138.0,1232.0,,11.0,,1171.0,,50.0,3.0,121.0,1.0,628745.0,61562.0,EasternMediterranean,0.8852040816326531
Kazakhstan,2020-07-27,84648,585,54404,29659,1526,0,1833,Europe,54404,Asia,18798667.0,95942.0,,1058.0,,68871.0,,26013.0,221.0,5104.0,56.0,2163713.0,115099.0,Europe,0.6427086286740383
Kenya,2020-07-27,17975,285,7833,9857,372,5,90,Africa,7833,Africa,53881160.0,24411.0,,399.0,,10444.0,,13568.0,44.0,453.0,7.0,335318.0,6223.0,Africa,0.4357719054242003
Kosovo,2020-07-27,7413,185,4027,3201,496,16,274,Europe,4027,,,,,,,,,,,,,,,,0.5432348576824497
Kuwait,2020-07-27,64379,438,55057,8884,606,5,684,Eastern Mediterranean,55057,Asia,4276658.0,70045.0,,469.0,,61610.0,,7966.0,127.0,16378.0,110.0,522200.0,122105.0,EasternMediterranean,0.8552012302148216
Kyrgyzstan,2020-07-27,33296,1301,21205,10790,483,24,817,Europe,21205,Asia,6534479.0,38659.0,,1447.0,,30099.0,,7113.0,24.0,5916.0,221.0,267718.0,40970.0,Europe,0.6368632868813071
Laos,2020-07-27,20,0,19,1,0,0,0,Western Pacific,19,Asia,7285750.0,20.0,,,,19.0,,1.0,,3.0,,29374.0,4032.0,WesternPacific,0.95
Latvia,2020-07-27,1219,31,1045,143,0,0,0,Europe,1045,Europe,1883936.0,1275.0,,32.0,,1070.0,,173.0,,677.0,17.0,207909.0,110359.0,Europe,0.8572600492206727
Lebanon,2020-07-27,3882,51,1709,2122,132,0,17,Eastern Mediterranean,1709,Asia,6822220.0,5672.0,,70.0,,1974.0,,3628.0,46.0,831.0,10.0,345268.0,50609.0,EasternMediterranean,0.440236991241628
Lesotho,2020-07-27,505,12,128,365,0,0,0,Africa,128,Africa,2143943.0,742.0,,23.0,,175.0,,544.0,,346.0,11.0,8771.0,4091.0,Africa,0.25346534653465347
Liberia,2020-07-27,1167,72,646,449,5,0,5,Africa,646,Africa,5068618.0,1224.0,,78.0,,705.0,,441.0,,241.0,15.0,,,Africa,0.5535561268209083
Libya,2020-07-27,2827,64,577,2186,158,4,24,Eastern Mediterranean,577,Africa,6880353.0,4879.0,,107.0,,652.0,,4120.0,,709.0,16.0,59699.0,8677.0,EasternMediterranean,0.20410328970640254
Liechtenstein,2020-07-27,86,1,81,4,0,0,0,Europe,81,Europe,38139.0,89.0,,1.0,,85.0,,3.0,,2334.0,26.0,900.0,23598.0,Europe,0.9418604651162791
Lithuania,2020-07-27,2019,80,1620,319,11,0,4,Europe,1620,Europe,2718121.0,2171.0,,81.0,,1656.0,,434.0,6.0,799.0,30.0,540784.0,198955.0,Europe,0.8023774145616642
Luxembourg,2020-07-27,6321,112,4825,1384,49,0,178,Europe,4825,Europe,626952.0,7073.0,,119.0,,5750.0,,1204.0,9.0,11282.0,190.0,623994.0,995282.0,Europe,0.763328587248853
Madagascar,2020-07-27,9690,91,6260,3339,395,6,681,Africa,6260,Africa,27755708.0,12526.0,,134.0,,10148.0,,2244.0,88.0,451.0,5.0,46301.0,1668.0,Africa,0.6460268317853457
Malawi,2020-07-27,3664,99,1645,1920,24,0,6,Africa,1645,Africa,19174839.0,4491.0,,137.0,,2137.0,,2217.0,4.0,234.0,7.0,33466.0,1745.0,Africa,0.4489628820960699
Malaysia,2020-07-27,8904,124,8601,179,7,0,1,Western Pacific,8601,Asia,32406372.0,9038.0,,125.0,,8713.0,,200.0,2.0,279.0,4.0,991333.0,30591.0,WesternPacific,0.9659703504043127
Maldives,2020-07-27,3369,15,2547,807,67,0,19,South-East Asia,2547,Asia,541448.0,4680.0,,19.0,,2725.0,,1936.0,12.0,8643.0,35.0,85587.0,158071.0,South-EastAsia,0.7560106856634016
Mali,2020-07-27,2513,124,1913,476,3,1,2,Africa,1913,Africa,20302901.0,2552.0,,124.0,,1954.0,,474.0,,126.0,6.0,25152.0,1239.0,Africa,0.761241543971349
Malta,2020-07-27,701,9,665,27,1,0,0,Europe,665,Europe,441663.0,946.0,,9.0,,670.0,,267.0,,2142.0,20.0,136713.0,309541.0,Europe,0.948644793152639
Mauritania,2020-07-27,6208,156,4653,1399,37,0,223,Africa,4653,Africa,4660728.0,6444.0,,157.0,,5291.0,,996.0,3.0,1383.0,34.0,57387.0,12313.0,Africa,0.7495167525773195
Mauritius,2020-07-27,344,10,332,2,0,0,0,Africa,332,Africa,1271985.0,344.0,,10.0,,334.0,,0.0,,270.0,8.0,205285.0,161389.0,Africa,0.9651162790697675
Mexico,2020-07-27,395489,44022,303810,47657,4973,342,8588,Americas,303810,North America,129066160.0,462690.0,6590.0,50517.0,819.0,308848.0,4140.0,103325.0,3987.0,3585.0,391.0,1056915.0,8189.0,Americas,0.7681882429094109
Moldova,2020-07-27,23154,748,16154,6252,120,13,245,Europe,16154,Europe,4032983.0,26628.0,,828.0,,18676.0,,7124.0,362.0,6603.0,205.0,128076.0,31757.0,Europe,0.6976764273991535
Monaco,2020-07-27,116,4,104,8,0,0,0,Europe,104,Europe,39270.0,125.0,,4.0,,105.0,,16.0,2.0,3183.0,102.0,38209.0,972982.0,Europe,0.896551724137931
Mongolia,2020-07-27,289,0,222,67,1,0,4,Western Pacific,222,Asia,3283344.0,293.0,,,,260.0,,33.0,1.0,89.0,,38334.0,11675.0,WesternPacific,0.7681660899653979
Montenegro,2020-07-27,2893,45,809,2039,94,2,70,Europe,809,Europe,628074.0,3480.0,,60.0,,2178.0,,1242.0,,5541.0,96.0,38427.0,61182.0,Europe,0.27964051157967507
Morocco,2020-07-27,20887,316,16553,4018,609,3,115,Eastern Mediterranean,16553,Africa,36953359.0,29644.0,,449.0,,20553.0,,8642.0,31.0,802.0,12.0,1383816.0,37448.0,EasternMediterranean,0.7925025135251592
Mozambique,2020-07-27,1701,11,0,1690,32,0,0,Africa,0,Africa,31333962.0,2120.0,,15.0,,795.0,,1310.0,,68.0,0.5,65151.0,2079.0,Africa,0.0
Namibia,2020-07-27,1843,8,101,1734,68,0,26,Africa,101,Africa,2545264.0,2652.0,,15.0,,563.0,,2074.0,24.0,1042.0,6.0,29233.0,11485.0,Africa,0.05480195333695062
Nepal,2020-07-27,18752,48,13754,4950,139,3,626,South-East Asia,13754,Asia,29186486.0,21750.0,,65.0,,15389.0,,6296.0,,745.0,2.0,731977.0,25079.0,South-EastAsia,0.7334684300341296
Netherlands,2020-07-27,53413,6160,189,47064,419,1,0,Europe,0,Europe,17138756.0,56982.0,,6153.0,,,,,37.0,3325.0,359.0,1079860.0,63007.0,Europe,0.0035384644187744555
New Zealand,2020-07-27,1557,22,1514,21,1,0,1,Western Pacific,1514,Australia/Oceania,5002100.0,1569.0,,22.0,,1524.0,,23.0,,314.0,4.0,486943.0,97348.0,WesternPacific,0.9723827874116892
Nicaragua,2020-07-27,3439,108,2492,839,0,0,0,Americas,2492,North America,6632263.0,3902.0,,123.0,,2913.0,,866.0,,588.0,19.0,,,Americas,0.7246292526897354
Niger,2020-07-27,1132,69,1027,36,0,0,0,Africa,1027,Africa,24281433.0,1153.0,,69.0,,1057.0,,27.0,,47.0,3.0,9052.0,373.0,Africa,0.907243816254417
Nigeria,2020-07-27,41180,860,18203,22117,648,2,829,Africa,18203,Africa,206606300.0,45244.0,,930.0,,32430.0,,11884.0,7.0,219.0,5.0,306894.0,1485.0,Africa,0.4420349684312773
North Macedonia,2020-07-27,10213,466,5564,4183,127,6,137,Europe,5564,Europe,2083365.0,11399.0,,517.0,,7480.0,,3402.0,3.0,5471.0,248.0,109946.0,52773.0,Europe,0.5447958484284735
Norway,2020-07-27,9132,255,8752,125,15,0,0,Europe,8752,Europe,5425471.0,9468.0,,256.0,,8857.0,,355.0,3.0,1745.0,47.0,472841.0,87152.0,Europe,0.9583880858519492
Oman,2020-07-27,77058,393,57028,19637,1053,9,1729,Eastern Mediterranean,57028,Asia,5118446.0,80713.0,,492.0,,70910.0,,9311.0,177.0,15769.0,96.0,309212.0,60411.0,EasternMediterranean,0.7400659243686574
Pakistan,2020-07-27,274289,5842,241026,27421,1176,20,3592,Eastern Mediterranean,241026,Asia,221295851.0,281863.0,,6035.0,,256058.0,,19770.0,809.0,1274.0,27.0,2058872.0,9304.0,EasternMediterranean,0.8787300985456945
Panama,2020-07-27,61442,1322,35086,25034,1146,28,955,Americas,35086,North America,4321282.0,71418.0,,1574.0,,45658.0,,24186.0,161.0,16527.0,364.0,240995.0,55769.0,Americas,0.5710426092900621
Papua New Guinea,2020-07-27,62,0,11,51,0,0,0,Western Pacific,11,Australia/Oceania,8963009.0,163.0,,3.0,,53.0,,107.0,,18.0,0.3,10808.0,1206.0,WesternPacific,0.1774193548387097
Paraguay,2020-07-27,4548,43,2905,1600,104,2,111,Americas,2905,South America,7141091.0,6375.0,,66.0,,4974.0,,1335.0,23.0,893.0,9.0,135277.0,18943.0,Americas,0.6387423043095867
Peru,2020-07-27,389717,18418,272547,98752,13756,575,4697,Americas,272547,South America,33016319.0,455409.0,,20424.0,,310337.0,,124648.0,1426.0,13793.0,619.0,2493429.0,75521.0,Americas,0.6993459356404775
Philippines,2020-07-27,82040,1945,26446,53649,1592,13,336,Western Pacific,26446,Asia,109722719.0,119460.0,,2150.0,,66837.0,,50473.0,239.0,1089.0,20.0,1669996.0,15220.0,WesternPacific,0.32235494880546073
Poland,2020-07-27,43402,1676,32856,8870,337,5,103,Europe,32856,Europe,37842302.0,49515.0,,1774.0,,35642.0,,12099.0,72.0,1308.0,47.0,2374686.0,62752.0,Europe,0.7570158057232386
Portugal,2020-07-27,50299,1719,35375,13205,135,2,158,Europe,35375,Europe,10193593.0,52061.0,,1743.0,,37840.0,,12478.0,42.0,5107.0,171.0,1705474.0,167308.0,Europe,0.7032943000854888
Qatar,2020-07-27,109597,165,106328,3104,292,0,304,Eastern Mediterranean,106328,Asia,2807805.0,112092.0,,178.0,,108831.0,,3083.0,77.0,39922.0,63.0,511000.0,181993.0,EasternMediterranean,0.9701725412191939
Romania,2020-07-27,45902,2206,25794,17902,1104,19,151,Europe,25794,Europe,19224023.0,57895.0,,2566.0,,28992.0,,26337.0,458.0,3012.0,133.0,1319369.0,68631.0,Europe,0.5619362990719359
Russia,2020-07-27,816680,13334,602249,201097,5607,85,3077,Europe,602249,Europe,145940924.0,871894.0,,14606.0,,676357.0,,180931.0,2300.0,5974.0,100.0,29716907.0,203623.0,Europe,0.7374357153352599
Rwanda,2020-07-27,1879,5,975,899,58,0,57,Africa,975,Africa,12981546.0,2111.0,,5.0,,1258.0,,848.0,,163.0,0.4,286251.0,22051.0,Africa,0.5188930282064929
Saint Kitts and Nevis,2020-07-27,17,0,15,2,0,0,0,Americas,15,North America,53237.0,17.0,,,,16.0,,1.0,,319.0,,1146.0,21526.0,Americas,0.8823529411764706
Saint Lucia,2020-07-27,24,0,22,2,0,0,0,Americas,22,North America,183712.0,25.0,,,,24.0,,1.0,,136.0,,3895.0,21202.0,Americas,0.9166666666666666
Saint Vincent and the Grenadines,2020-07-27,52,0,39,13,0,0,0,Americas,39,,,,,,,,,,,,,,,,0.75
San Marino,2020-07-27,699,42,657,0,0,0,0,Europe,657,Europe,33938.0,699.0,,42.0,,657.0,,0.0,,20596.0,1238.0,6068.0,178797.0,Europe,0.9399141630901288
Sao Tome and Principe,2020-07-27,865,14,734,117,2,0,38,Africa,734,Africa,219544.0,878.0,,15.0,,797.0,,66.0,,3999.0,68.0,3079.0,14025.0,Africa,0.8485549132947977
Saudi Arabia,2020-07-27,268934,2760,222936,43238,1993,27,2613,Eastern Mediterranean,222936,Asia,34865919.0,284226.0,,3055.0,,247089.0,,34082.0,1915.0,8152.0,88.0,3635705.0,104277.0,EasternMediterranean,0.8289617526976879
Senegal,2020-07-27,9764,194,6477,3093,83,3,68,Africa,6477,Africa,16783877.0,10715.0,,223.0,,7101.0,,3391.0,33.0,638.0,13.0,114761.0,6838.0,Africa,0.6633551823023351
Serbia,2020-07-27,24141,543,0,23598,411,9,0,Europe,0,Europe,8733665.0,27332.0,,621.0,,14047.0,,12664.0,120.0,3129.0,71.0,723137.0,82799.0,Europe,0.0
Seychelles,2020-07-27,114,0,39,75,0,0,0,Africa,39,Africa,98408.0,126.0,,,,124.0,,2.0,,1280.0,,,,Africa,0.34210526315789475
Sierra Leone,2020-07-27,1783,66,1317,400,0,0,4,Africa,1317,Africa,7992169.0,1877.0,,67.0,,1427.0,,383.0,,235.0,8.0,,,Africa,0.7386427369601795
Singapore,2020-07-27,50838,27,45692,5119,469,0,171,Western Pacific,45692,Asia,5854932.0,54555.0,,27.0,,48031.0,,6497.0,,9318.0,5.0,1474372.0,251817.0,WesternPacific,0.8987765057634053
Slovakia,2020-07-27,2181,28,1616,537,2,0,39,Europe,1616,Europe,5459915.0,2480.0,,29.0,,1824.0,,627.0,2.0,454.0,5.0,272322.0,49877.0,Europe,0.7409445208619899
Slovenia,2020-07-27,2087,116,1733,238,5,0,55,Europe,1733,Europe,2078968.0,2223.0,,125.0,,1909.0,,189.0,2.0,1069.0,60.0,135702.0,65274.0,Europe,0.8303785337805463
Somalia,2020-07-27,3196,93,1543,1560,18,0,22,Eastern Mediterranean,1543,Africa,15933012.0,3227.0,,93.0,,1728.0,,1406.0,2.0,203.0,6.0,,,EasternMediterranean,0.4827909887359199
South Africa,2020-07-27,452529,7067,274925,170537,7096,298,9848,Africa,274925,Africa,59381566.0,538184.0,,9604.0,,387316.0,,141264.0,539.0,9063.0,162.0,3149807.0,53044.0,Africa,0.6075301251411511
South Korea,2020-07-27,14203,300,13007,896,28,1,102,Western Pacific,13007,,,,,,,,,,,,,,,,0.9157924382172781
South Sudan,2020-07-27,2305,46,1175,1084,43,1,0,Africa,1175,Africa,11206572.0,2450.0,,47.0,,1175.0,,1228.0,,219.0,4.0,12044.0,1075.0,Africa,0.5097613882863341
Spain,2020-07-27,272421,28432,150376,93613,0,0,0,Europe,150376,Europe,46756648.0,354530.0,,28500.0,,,,,617.0,7582.0,610.0,7064329.0,151087.0,Europe,0.5519985610507266
Sri Lanka,2020-07-27,2805,11,2121,673,23,0,15,South-East Asia,2121,Asia,21422362.0,2839.0,,11.0,,2541.0,,287.0,1.0,133.0,0.5,166737.0,7783.0,South-EastAsia,0.7561497326203208
Sudan,2020-07-27,11424,720,5939,4765,39,3,49,Eastern Mediterranean,5939,Africa,43943536.0,11780.0,,763.0,,6194.0,,4823.0,,268.0,17.0,401.0,9.0,EasternMediterranean,0.5198704481792717
Suriname,2020-07-27,1483,24,925,534,44,1,35,Americas,925,South America,587154.0,2096.0,,29.0,,1446.0,,621.0,9.0,3570.0,49.0,2785.0,4743.0,Americas,0.6237356709372893
Sweden,2020-07-27,79395,5700,0,73695,398,3,0,Europe,0,Europe,10105596.0,81967.0,,5766.0,,,,,38.0,8111.0,571.0,863315.0,85429.0,Europe,0.0
Switzerland,2020-07-27,34477,1978,30900,1599,65,1,200,Europe,30900,Europe,8660952.0,36108.0,,1985.0,,31600.0,,2523.0,23.0,4169.0,229.0,822764.0,94997.0,Europe,0.8962496736955071
Syria,2020-07-27,674,40,0,634,24,2,0,Eastern Mediterranean,0,Asia,17539600.0,999.0,,48.0,,311.0,,640.0,,57.0,3.0,,,EasternMediterranean,0.0
Taiwan*,2020-07-27,462,7,440,15,4,0,0,Western Pacific,440,,,,,,,,,,,,,,,,0.9523809523809523
Tajikistan,2020-07-27,7235,60,6028,1147,43,1,58,Europe,6028,Asia,9557468.0,7665.0,,62.0,,6443.0,,1160.0,,802.0,6.0,,,Europe,0.8331720801658604
Tanzania,2020-07-27,509,21,183,305,0,0,0,Africa,183,Africa,59886383.0,509.0,,21.0,,183.0,,305.0,7.0,8.0,0.4,,,Africa,0.35952848722986247
Thailand,2020-07-27,3297,58,3111,128,6,0,2,South-East Asia,3111,Asia,69817894.0,3330.0,,58.0,,3148.0,,124.0,1.0,48.0,0.8,749213.0,10731.0,South-EastAsia,0.9435850773430391
Timor-Leste,2020-07-27,24,0,0,24,0,0,0,South-East Asia,0,Asia,1320812.0,25.0,,,,24.0,,1.0,,19.0,,4238.0,3209.0,South-EastAsia,0.0
Togo,2020-07-27,874,18,607,249,6,0,8,Africa,607,Africa,8296582.0,1012.0,,22.0,,697.0,,293.0,2.0,122.0,3.0,45767.0,5516.0,Africa,0.6945080091533181
Trinidad and Tobago,2020-07-27,148,8,128,12,1,0,0,Americas,128,North America,1399950.0,210.0,,8.0,,135.0,,67.0,,150.0,6.0,9559.0,6828.0,Americas,0.8648648648648649
Tunisia,2020-07-27,1455,50,1157,248,3,0,15,Eastern Mediterranean,1157,Africa,11830801.0,1642.0,,51.0,,1241.0,,350.0,9.0,139.0,4.0,100298.0,8478.0,EasternMediterranean,0.7951890034364261
Turkey,2020-07-27,227019,5630,210469,10920,919,17,982,Europe,210469,Asia,84428331.0,237265.0,,5798.0,,220546.0,,10921.0,580.0,2810.0,69.0,5081802.0,60191.0,Europe,0.927098612891432
US,2020-07-27,4290259,148011,1325804,2816444,56336,1076,27941,Americas,1325804,,,,,,,,,,,,,,,,0.3090265645966829
Uganda,2020-07-27,1128,2,986,140,13,0,4,Africa,986,Africa,45867852.0,1223.0,,5.0,,1102.0,,116.0,,27.0,0.1,288367.0,6287.0,Africa,0.874113475177305
Ukraine,2020-07-27,67096,1636,37202,28258,835,11,317,Europe,37202,Europe,43705858.0,76808.0,,1819.0,,42524.0,,32465.0,158.0,1757.0,42.0,1116641.0,25549.0,Europe,0.5544592822224872
United Arab Emirates,2020-07-27,59177,345,52510,6322,264,1,328,Eastern Mediterranean,52510,,,,,,,,,,,,,,,,0.8873379860418744
United Kingdom,2020-07-27,301708,45844,1437,254427,688,7,3,Europe,13,,,,,,,,,,,,,,,,0.0047628833176448756
Uruguay,2020-07-27,1202,35,951,216,10,1,3,Americas,951,South America,3474956.0,1318.0,,37.0,,1079.0,,202.0,2.0,379.0,11.0,126956.0,36535.0,Americas,0.7911813643926788
Uzbekistan,2020-07-27,21209,121,11674,9414,678,5,569,Europe,11674,Asia,33516027.0,28315.0,,175.0,,19291.0,,8849.0,228.0,845.0,5.0,1377915.0,41112.0,Europe,0.5504267056438304
Venezuela,2020-07-27,15988,146,9959,5883,525,4,213,Americas,9959,South America,28427499.0,22299.0,,195.0,,12146.0,,9958.0,42.0,784.0,7.0,1567431.0,55138.0,Americas,0.6229046785088816
Vietnam,2020-07-27,431,0,365,66,11,0,0,Western Pacific,365,Asia,97425470.0,747.0,,10.0,,392.0,,345.0,,8.0,0.1,482456.0,4952.0,WesternPacific,0.8468677494199536
West Bank and Gaza,2020-07-27,10621,78,3752,6791,152,2,0,Eastern Mediterranean,3752,,,,,,,,,,,,,,,,0.3532624046699934
Western Sahara,2020-07-27,10,1,8,1,0,0,0,Africa,8,Africa,598682.0,10.0,,1.0,,8.0,,1.0,,17.0,2.0,,,Africa,0.8
Yemen,2020-07-27,1691,483,833,375,10,4,36,Eastern Mediterranean,833,Asia,29886897.0,1768.0,,508.0,,898.0,,362.0,,59.0,17.0,120.0,4.0,EasternMediterranean,0.4926079243051449
Zambia,2020-07-27,4552,140,2815,1597,71,1,465,Africa,2815,Africa,18430129.0,7164.0,,199.0,,5786.0,,1179.0,,389.0,11.0,90307.0,4900.0,Africa,0.6184094903339191
Zimbabwe,2020-07-27,2704,36,542,2126,192,2,24,Africa,542,Africa,14883803.0,4339.0,,84.0,,1264.0,,2991.0,,292.0,6.0,140421.0,9434.0,Africa,0.20044378698224852
